model_name,brand,variant_level,trim_rank,engine_cc,cylinders,power_bhp,torque_nm,fuel_type,transmission,length_mm,width_mm,height_mm,boot_space_l,wheelbase_mm,tyre_width_mm,tyre_aspect_ratio,rim_diameter_in,suspension_front,suspension_rear,ground_clearance_mm,vehicle_weight_kg,fuel_tank_capacity_l,ex_showroom_price_lakh,drive_type,turning_radius_m,steering_type,brake_front,brake_rear,data_source,power_to_weight,vehicle_weight_kg2
Swift LXi,Maruti Suzuki,Low,1,1197,3,80,112,Petrol,Manual,3860,1735,1520,265,2450,165,80,14,MacPherson Strut,Torsion Beam,163,Unverified,37,5.79,FWD,4.8,Electric,Disc,Drum,Manufacturer Spec Sheet,0.088888889,900
Swift VXi,Maruti Suzuki,Medium,2,1197,3,80,112,Petrol,Manual,3860,1735,1520,265,2450,185,70,14,MacPherson Strut,Torsion Beam,163,Unverified,37,6.49,FWD,4.8,Electric,Disc,Drum,Manufacturer Spec Sheet,0.088888889,900
Swift ZXi Plus,Maruti Suzuki,High,3,1197,3,80,112,Petrol,Manual,3860,1735,1520,265,2450,185,65,15,MacPherson Strut,Torsion Beam,163,Unverified,37,8.8,FWD,4.8,Electric,Disc,Drum,Manufacturer Spec Sheet,0.088888889,900
Creta E,Hyundai,Low,1,1497,4,113,144,Petrol,Manual,4330,1790,1635,433,2610,205,65,16,MacPherson Strut,Coupled Torsion Beam,190,Unverified,50,11,FWD,5.3,Electric,Disc,Drum,Manufacturer Spec Sheet,0.086923077,1300
Creta S,Hyundai,Medium,2,1497,4,113,144,Petrol,Manual,4330,1790,1635,433,2610,205,65,16,MacPherson Strut,Coupled Torsion Beam,190,Unverified,50,12.5,FWD,5.3,Electric,Disc,Drum,Manufacturer Spec Sheet,0.086923077,1300
Creta SX,Hyundai,High,3,1497,4,113,144,Petrol,Manual,4330,1790,1635,433,2610,215,60,17,MacPherson Strut,Coupled Torsion Beam,190,Unverified,50,14.99,FWD,5.3,Electric,Disc,Disc,Manufacturer Spec Sheet,0.086923077,1300
Seltos HTE,Kia,Low,1,1497,4,113,144,Petrol,Manual,4365,1800,1645,433,2610,205,65,16,MacPherson Strut,Coupled Torsion Beam,190,Unverified,50,10.89,FWD,5.3,Electric,Disc,Disc,Manufacturer Spec Sheet,0.086923077,1300
Seltos HTK,Kia,Medium,2,1497,4,113,144,Petrol,Manual,4365,1800,1645,433,2610,205,65,16,MacPherson Strut,Coupled Torsion Beam,190,Unverified,50,12.49,FWD,5.3,Electric,Disc,Disc,Manufacturer Spec Sheet,0.086923077,1300
Seltos HTX,Kia,High,3,1497,4,113,144,Petrol,Manual,4365,1800,1645,433,2610,215,60,17,MacPherson Strut,Coupled Torsion Beam,190,Unverified,50,14.99,FWD,5.3,Electric,Disc,Disc,Manufacturer Spec Sheet,0.083703704,1350
Virtus Comfortline,Volkswagen,Low,1,999,3,114,178,Petrol,Manual,4561,1752,1507,521,2651,195,65,15,MacPherson Strut,Twist Beam,179,Unverified,45,10.5,FWD,5.05,Electric,Disc,Drum,Manufacturer Spec Sheet,0.095,1200
Virtus Highline,Volkswagen,Medium,2,999,3,114,178,Petrol,Manual,4561,1752,1507,521,2651,205,55,16,MacPherson Strut,Twist Beam,179,Unverified,45,13.99,FWD,5.05,Electric,Disc,Drum,Manufacturer Spec Sheet,0.095,1200
Virtus Topline,Volkswagen,High,3,999,3,114,178,Petrol,Manual,4561,1752,1507,521,2651,205,55,16,MacPherson Strut,Twist Beam,179,Unverified,45,17.49,FWD,5.05,Electric,Disc,Drum,Manufacturer Spec Sheet,0.095,1200
Slavia Classic,Skoda,Low,1,999,3,114,178,Petrol,Manual,4541,1752,1507,521,2651,195,65,15,MacPherson Strut,Twist Beam,179,Unverified,45,10.99,FWD,5.05,Electric,Disc,Drum,Manufacturer Spec Sheet,0.095,1200
Slavia Signature,Skoda,Medium,2,999,3,114,178,Petrol,Manual,4541,1752,1507,521,2651,205,55,16,MacPherson Strut,Twist Beam,179,Unverified,45,13.49,FWD,5.05,Electric,Disc,Drum,Manufacturer Spec Sheet,0.095,1200
Slavia Prestige,Skoda,High,3,999,3,114,178,Petrol,Manual,4541,1752,1507,521,2651,205,55,16,MacPherson Strut,Twist Beam,179,Unverified,45,16.99,FWD,5.05,Electric,Disc,Drum,Manufacturer Spec Sheet,0.095,1200
City SV,Honda,Low,1,1498,4,119,145,Petrol,Manual,4574,1748,1489,506,2600,185,55,16,MacPherson Strut,Torsion Beam,165,Unverified,40,12,FWD,5.3,Electric,Disc,Drum,Manufacturer Spec Sheet,0.108181818,1100
City V,Honda,Medium,2,1498,4,119,145,Petrol,Manual,4574,1748,1489,506,2600,185,55,16,MacPherson Strut,Torsion Beam,165,Unverified,40,14,FWD,5.3,Electric,Disc,Drum,Manufacturer Spec Sheet,0.108181818,1100
City VX,Honda,High,3,1498,4,119,145,Petrol,Manual,4574,1748,1489,506,2600,185,55,16,MacPherson Strut,Torsion Beam,165,Unverified,40,15.99,FWD,5.3,Electric,Disc,Drum,Manufacturer Spec Sheet,0.108181818,1100
Hector Style,MG,Low,1,1451,4,141,250,Petrol,Manual,4655,1835,1760,587,2750,215,60,17,MacPherson Strut,Torsion Beam,192,Unverified,60,14.73,FWD,5.95,Electric,Disc,Disc,Manufacturer Spec Sheet,0.088125,1600
Hector Shine,MG,Medium,2,1451,4,141,250,Petrol,Manual,4655,1835,1760,587,2750,215,60,17,MacPherson Strut,Torsion Beam,192,Unverified,60,17.99,FWD,5.95,Electric,Disc,Disc,Manufacturer Spec Sheet,0.085454545,1650
Hector Sharp Pro,MG,High,3,1451,4,141,250,Petrol,Manual,4655,1835,1760,587,2750,215,55,18,MacPherson Strut,Torsion Beam,192,Unverified,60,23.49,FWD,5.95,Electric,Disc,Disc,Manufacturer Spec Sheet,0.083928571,1680
Tiago XE,Tata,Low,1,1199,3,85,113,Petrol,Manual,3765,1677,1535,242,2400,155,80,13,MacPherson Strut,Twist Beam,170,Unverified,35,5.6,FWD,4.9,Electric,Disc,Drum,Manufacturer Spec Sheet,0.085,1000
Tiago XT,Tata,Medium,2,1199,3,85,113,Petrol,Manual,3765,1677,1535,242,2400,175,65,14,MacPherson Strut,Twist Beam,170,Unverified,35,6.49,FWD,4.9,Electric,Disc,Drum,Manufacturer Spec Sheet,0.085,1000
Tiago XZ Plus,Tata,High,3,1199,3,85,113,Petrol,Manual,3765,1677,1535,242,2400,175,60,15,MacPherson Strut,Twist Beam,170,Unverified,35,8.55,FWD,4.9,Electric,Disc,Drum,Manufacturer Spec Sheet,0.085,1000
Nexon Smart,Tata,Low,1,1198,3,118,170,Petrol,Manual,3995,1804,1620,382,2498,195,60,16,MacPherson Strut,Twist Beam,208,Unverified,44,8,FWD,5.1,Electric,Disc,Drum,Manufacturer Spec Sheet,0.0944,1250
Nexon Pure,Tata,Medium,2,1198,3,118,170,Petrol,Manual,3995,1804,1620,382,2498,195,60,16,MacPherson Strut,Twist Beam,208,Unverified,44,9.99,FWD,5.1,Electric,Disc,Drum,Manufacturer Spec Sheet,0.0944,1250
Nexon Fearless,Tata,High,3,1198,3,118,170,Petrol,Manual,3995,1804,1620,382,2498,215,60,16,MacPherson Strut,Twist Beam,208,Unverified,44,14.49,FWD,5.1,Electric,Disc,Drum,Manufacturer Spec Sheet,0.0944,1250
Baleno Sigma,Maruti Suzuki,Low,1,1197,4,88,113,Petrol,Manual,3990,1745,1500,318,2520,185,65,15,MacPherson Strut,Torsion Beam,170,Unverified,37,5.99,FWD,4.9,Electric,Disc,Drum,Manufacturer Spec Sheet,0.089795918,980
Baleno Delta,Maruti Suzuki,Medium,2,1197,4,88,113,Petrol,Manual,3990,1745,1500,318,2520,195,55,16,MacPherson Strut,Torsion Beam,170,Unverified,37,7.49,FWD,4.9,Electric,Disc,Drum,Manufacturer Spec Sheet,0.089795918,980
Baleno Alpha,Maruti Suzuki,High,3,1197,4,88,113,Petrol,Manual,3990,1745,1500,318,2520,195,55,16,MacPherson Strut,Torsion Beam,170,Unverified,37,9.17,FWD,4.9,Electric,Disc,Drum,Manufacturer Spec Sheet,0.089795918,980
Brezza LXi,Maruti Suzuki,Low,1,1462,4,102,137,Petrol,Manual,3995,1790,1685,328,2500,215,60,16,MacPherson Strut,Torsion Beam,198,Unverified,48,8.26,FWD,5.2,Electric,Disc,Drum,Manufacturer Spec Sheet,0.088695652,1150
Brezza VXi,Maruti Suzuki,Medium,2,1462,4,102,137,Petrol,Manual,3995,1790,1685,328,2500,215,60,16,MacPherson Strut,Torsion Beam,198,Unverified,48,9.99,FWD,5.2,Electric,Disc,Drum,Manufacturer Spec Sheet,0.088695652,1150
Brezza ZXi,Maruti Suzuki,High,3,1462,4,102,137,Petrol,Manual,3995,1790,1685,328,2500,215,60,16,MacPherson Strut,Torsion Beam,198,Unverified,48,13.01,FWD,5.2,Electric,Disc,Drum,Manufacturer Spec Sheet,0.088695652,1150
Sonet HTE,Kia,Low,1,1197,4,82,115,Petrol,Manual,3995,1790,1642,385,2500,195,65,15,MacPherson Strut,Coupled Torsion Beam,205,Unverified,45,7.99,FWD,5.1,Electric,Disc,Drum,Manufacturer Spec Sheet,0.074545455,1100
Sonet HTK,Kia,Medium,2,1197,4,82,115,Petrol,Manual,3995,1790,1642,385,2500,195,65,15,MacPherson Strut,Coupled Torsion Beam,205,Unverified,45,9.49,FWD,5.1,Electric,Disc,Drum,Manufacturer Spec Sheet,0.074545455,1100
Sonet HTX,Kia,High,3,1197,4,82,115,Petrol,Manual,3995,1790,1642,385,2500,215,60,16,MacPherson Strut,Coupled Torsion Beam,205,Unverified,45,12.99,FWD,5.1,Electric,Disc,Drum,Manufacturer Spec Sheet,0.074545455,1100
XUV 3XO MX1,Mahindra,Low,1,1197,3,110,200,Petrol,Manual,3990,1821,1647,405,2600,205,65,16,MacPherson Strut,Twist Beam,201,Unverified,42,7.49,FWD,5.3,Electric,Disc,Disc,Manufacturer Spec Sheet,0.081481481,1350
XUV 3XO AX5,Mahindra,Medium,2,1197,3,110,200,Petrol,Manual,3990,1821,1647,405,2600,205,65,16,MacPherson Strut,Twist Beam,201,Unverified,42,10.49,FWD,5.3,Electric,Disc,Disc,Manufacturer Spec Sheet,0.081481481,1350
XUV 3XO AX7,Mahindra,High,3,1197,3,110,200,Petrol,Manual,3990,1821,1647,405,2600,215,55,17,MacPherson Strut,Twist Beam,201,Unverified,42,14.49,FWD,5.3,Electric,Disc,Disc,Manufacturer Spec Sheet,0.081481481,1350
Fronx Sigma,Maruti Suzuki,Low,1,1197,4,88,113,Petrol,Manual,3995,1765,1550,308,2520,195,60,16,MacPherson Strut,Torsion Beam,190,Unverified,37,6.85,FWD,4.9,Electric,Disc,Drum,Manufacturer Spec Sheet,0.089795918,980
Fronx Delta,Maruti Suzuki,Medium,2,1197,4,88,113,Petrol,Manual,3995,1765,1550,308,2520,195,60,16,MacPherson Strut,Torsion Beam,190,Unverified,37,8.49,FWD,4.9,Electric,Disc,Drum,Manufacturer Spec Sheet,0.089795918,980
Fronx Zeta,Maruti Suzuki,High,3,1197,4,88,113,Petrol,Manual,3995,1765,1550,308,2520,195,60,16,MacPherson Strut,Torsion Beam,190,Unverified,37,10.99,FWD,4.9,Electric,Disc,Drum,Manufacturer Spec Sheet,0.089795918,980
Altroz XE,Tata,Low,1,1199,3,87,115,Petrol,Manual,3990,1755,1523,345,2501,165,80,14,MacPherson Strut,Twist Beam,165,Unverified,37,6.6,FWD,5,Electric,Disc,Drum,Manufacturer Spec Sheet,0.082857143,1050
Altroz XM,Tata,Medium,2,1199,3,87,115,Petrol,Manual,3990,1755,1523,345,2501,185,60,16,MacPherson Strut,Twist Beam,165,Unverified,37,7.75,FWD,5,Electric,Disc,Drum,Manufacturer Spec Sheet,0.082857143,1050
Altroz XZ,Tata,High,3,1199,3,87,115,Petrol,Manual,3990,1755,1523,345,2501,185,60,16,MacPherson Strut,Twist Beam,165,Unverified,37,10.49,FWD,5,Electric,Disc,Drum,Manufacturer Spec Sheet,0.082857143,1050
Scorpio-N Z2,Mahindra,Low,1,1997,4,200,370,Petrol,Manual,4662,1917,1857,460,2750,245,65,17,Double Wishbone,Penta-link,187,Unverified,57,13.49,RWD,5.7,Electric,Ventilated Disc,Ventilated Disc,Manufacturer Spec Sheet,0.1,2000
Scorpio-N Z4,Mahindra,Medium,2,1997,4,200,370,Petrol,Manual,4662,1917,1857,460,2750,245,65,17,Double Wishbone,Penta-link,187,Unverified,57,15.49,RWD,5.7,Electric,Ventilated Disc,Ventilated Disc,Manufacturer Spec Sheet,0.1,2000
Scorpio-N Z8,Mahindra,High,3,1997,4,200,370,Petrol,Manual,4662,1917,1857,460,2750,255,60,18,Double Wishbone,Penta-link,187,Unverified,57,24.49,RWD,5.7,Electric,Ventilated Disc,Ventilated Disc,Manufacturer Spec Sheet,0.1,2000
Thar AX Opt,Mahindra,Low,1,1997,4,150,300,Petrol,Manual,3985,1820,1844,600,2450,245,75,16,Independent Double Wishbone,Multi-link rigid axle,226,Unverified,57,11.5,4WD,5.3,Hydraulic,Disc,Drum,Manufacturer Spec Sheet,0.085714286,1750
Thar LX,Mahindra,Medium,2,1997,4,150,300,Petrol,Manual,3985,1820,1844,600,2450,255,65,18,Independent Double Wishbone,Multi-link rigid axle,226,Unverified,57,15.49,4WD,5.3,Hydraulic,Disc,Drum,Manufacturer Spec Sheet,0.085714286,1750
Thar Earth,Mahindra,High,3,1997,4,150,300,Petrol,Manual,3985,1820,1844,600,2450,255,65,18,Independent Double Wishbone,Multi-link rigid axle,226,Unverified,57,19.49,4WD,5.3,Hydraulic,Disc,Drum,Manufacturer Spec Sheet,0.085714286,1750
Safari Smart,Tata,Low,1,1956,4,168,350,Diesel,Manual,4668,1922,1795,420,2741,235,65,17,MacPherson Strut,Twist Blade,205,Unverified,50,15.49,FWD,5.8,Electric,Disc,Disc,Manufacturer Spec Sheet,0.090810811,1850
Safari Pure,Tata,Medium,2,1956,4,168,350,Diesel,Manual,4668,1922,1795,420,2741,235,60,18,MacPherson Strut,Twist Blade,205,Unverified,50,18.99,FWD,5.8,Electric,Disc,Disc,Manufacturer Spec Sheet,0.090810811,1850
Safari Accomplished,Tata,High,3,1956,4,168,350,Diesel,Manual,4668,1922,1795,420,2741,245,55,19,MacPherson Strut,Twist Blade,205,Unverified,50,26.49,FWD,5.8,Electric,Disc,Disc,Manufacturer Spec Sheet,0.090810811,1850
Kiger RXE,Renault,Low,1,999,3,71,96,Petrol,Manual,3991,1750,1605,405,2500,195,65,15,MacPherson Strut,Torsion Beam,205,Unverified,40,5.99,FWD,5,Electric,Disc,Drum,Manufacturer Spec Sheet,0.067619048,1050
Kiger RXT,Renault,Medium,2,999,3,71,96,Petrol,Manual,3991,1750,1605,405,2500,195,60,16,MacPherson Strut,Torsion Beam,205,Unverified,40,7.49,FWD,5,Electric,Disc,Drum,Manufacturer Spec Sheet,0.067619048,1050
Kiger RXZ,Renault,High,3,999,3,71,96,Petrol,Manual,3991,1750,1605,405,2500,195,60,16,MacPherson Strut,Torsion Beam,205,Unverified,40,10.49,FWD,5,Electric,Disc,Drum,Manufacturer Spec Sheet,0.067619048,1050
Magnite XE,Nissan,Low,1,999,3,71,96,Petrol,Manual,3994,1758,1572,336,2500,195,60,16,MacPherson Strut,Torsion Beam,205,Unverified,40,5.99,FWD,5,Electric,Disc,Drum,Manufacturer Spec Sheet,0.071,1000
Magnite XL,Nissan,Medium,2,999,3,71,96,Petrol,Manual,3994,1758,1572,336,2500,195,60,16,MacPherson Strut,Torsion Beam,205,Unverified,40,7.49,FWD,5,Electric,Disc,Drum,Manufacturer Spec Sheet,0.071,1000
Magnite XV,Nissan,High,3,999,3,71,96,Petrol,Manual,3994,1758,1572,336,2500,195,60,16,MacPherson Strut,Torsion Beam,205,Unverified,40,10.49,FWD,5,Electric,Disc,Drum,Manufacturer Spec Sheet,0.071,1000
Grand i10 Nios Era,Hyundai,Low,1,1197,4,82,114,Petrol,Manual,3815,1680,1520,260,2450,165,70,14,MacPherson Strut,Coupled Torsion Beam,165,Unverified,37,5.92,FWD,4.9,Electric,Disc,Drum,Manufacturer Spec Sheet,0.086315789,950
Grand i10 Nios Magna,Hyundai,Medium,2,1197,4,82,114,Petrol,Manual,3815,1680,1520,260,2450,175,60,15,MacPherson Strut,Coupled Torsion Beam,165,Unverified,37,7.49,FWD,4.9,Electric,Disc,Drum,Manufacturer Spec Sheet,0.086315789,950
Grand i10 Nios Asta,Hyundai,High,3,1197,4,82,114,Petrol,Manual,3815,1680,1520,260,2450,175,60,15,MacPherson Strut,Coupled Torsion Beam,165,Unverified,37,8.9,FWD,4.9,Electric,Disc,Drum,Manufacturer Spec Sheet,0.086315789,950
Glanza E,Toyota,Low,1,1197,4,88,113,Petrol,Manual,3990,1745,1500,318,2520,185,65,15,MacPherson Strut,Torsion Beam,170,Unverified,37,6.59,FWD,4.9,Electric,Disc,Drum,Manufacturer Spec Sheet,0.089795918,980
Glanza S,Toyota,Medium,2,1197,4,88,113,Petrol,Manual,3990,1745,1500,318,2520,195,55,16,MacPherson Strut,Torsion Beam,170,Unverified,37,7.99,FWD,4.9,Electric,Disc,Drum,Manufacturer Spec Sheet,0.089795918,980
Glanza V,Toyota,High,3,1197,4,88,113,Petrol,Manual,3990,1745,1500,318,2520,195,55,16,MacPherson Strut,Torsion Beam,170,Unverified,37,9.59,FWD,4.9,Electric,Disc,Drum,Manufacturer Spec Sheet,0.089795918,980
Elevate SV,Honda,Low,1,1498,4,119,145,Petrol,Manual,4312,1790,1650,458,2650,215,60,16,MacPherson Strut,Torsion Beam,220,Unverified,40,11.69,FWD,5.2,Electric,Disc,Drum,Manufacturer Spec Sheet,0.0952,1250
Elevate V,Honda,Medium,2,1498,4,119,145,Petrol,Manual,4312,1790,1650,458,2650,215,55,17,MacPherson Strut,Torsion Beam,220,Unverified,40,14.49,FWD,5.2,Electric,Disc,Drum,Manufacturer Spec Sheet,0.0952,1250
Elevate ZX,Honda,High,3,1498,4,119,145,Petrol,Manual,4312,1790,1650,458,2650,215,55,17,MacPherson Strut,Torsion Beam,220,Unverified,40,16.49,FWD,5.2,Electric,Disc,Drum,Manufacturer Spec Sheet,0.0952,1250
Verna EX,Hyundai,Low,1,1497,4,113,144,Petrol,Manual,4535,1765,1475,528,2670,185,65,15,MacPherson Strut,Coupled Torsion Beam,170,Unverified,45,10.99,FWD,5.2,Electric,Disc,Drum,Manufacturer Spec Sheet,0.09826087,1150
Verna S,Hyundai,Medium,2,1497,4,113,144,Petrol,Manual,4535,1765,1475,528,2670,205,55,16,MacPherson Strut,Coupled Torsion Beam,170,Unverified,45,13.49,FWD,5.2,Electric,Disc,Drum,Manufacturer Spec Sheet,0.09826087,1150
Verna SX Opt,Hyundai,High,3,1497,4,113,144,Petrol,Manual,4535,1765,1475,528,2670,205,55,16,MacPherson Strut,Coupled Torsion Beam,170,Unverified,45,18.41,FWD,5.2,Electric,Disc,Disc,Manufacturer Spec Sheet,0.09826087,1150
Kushaq Active,Skoda,Low,1,999,3,114,178,Petrol,Manual,4225,1760,1612,385,2651,205,60,16,MacPherson Strut,Twist Beam,188,Unverified,50,10.49,FWD,5.05,Electric,Disc,Drum,Manufacturer Spec Sheet,0.0912,1250
Kushaq Ambition,Skoda,Medium,2,999,3,114,178,Petrol,Manual,4225,1760,1612,385,2651,205,55,17,MacPherson Strut,Twist Beam,188,Unverified,50,13.49,FWD,5.05,Electric,Disc,Drum,Manufacturer Spec Sheet,0.0912,1250
Kushaq Style,Skoda,High,3,999,3,114,178,Petrol,Manual,4225,1760,1612,385,2651,205,55,17,MacPherson Strut,Twist Beam,188,Unverified,50,17.49,FWD,5.05,Electric,Disc,Drum,Manufacturer Spec Sheet,0.0912,1250
Taigun Comfortline,Volkswagen,Low,1,999,3,114,178,Petrol,Manual,4221,1760,1612,385,2651,205,60,16,MacPherson Strut,Twist Beam,188,Unverified,50,10.99,FWD,5.05,Electric,Disc,Drum,Manufacturer Spec Sheet,0.0912,1250
Taigun Highline,Volkswagen,Medium,2,999,3,114,178,Petrol,Manual,4221,1760,1612,385,2651,205,55,17,MacPherson Strut,Twist Beam,188,Unverified,50,13.49,FWD,5.05,Electric,Disc,Drum,Manufacturer Spec Sheet,0.0912,1250
Taigun Topline,Volkswagen,High,3,999,3,114,178,Petrol,Manual,4221,1760,1612,385,2651,205,55,17,MacPherson Strut,Twist Beam,188,Unverified,50,18.49,FWD,5.05,Electric,Disc,Drum,Manufacturer Spec Sheet,0.0912,1250
C3 Live,Citroen,Low,1,1198,3,80,115,Petrol,Manual,3981,1733,1586,315,2540,195,65,15,MacPherson Strut,Twist Beam,180,Unverified,30,6.16,FWD,4.98,Electric,Disc,Drum,Manufacturer Spec Sheet,0.076190476,1050
C3 Feel,Citroen,Medium,2,1198,3,80,115,Petrol,Manual,3981,1733,1586,315,2540,195,65,15,MacPherson Strut,Twist Beam,180,Unverified,30,7.49,FWD,4.98,Electric,Disc,Drum,Manufacturer Spec Sheet,0.076190476,1050
C3 Shine,Citroen,High,3,1198,3,80,115,Petrol,Manual,3981,1733,1586,315,2540,195,65,15,MacPherson Strut,Twist Beam,180,Unverified,30,8.49,FWD,4.98,Electric,Disc,Drum,Manufacturer Spec Sheet,0.076190476,1050
Compass Sport,Jeep,Low,1,1956,4,168,350,Diesel,Manual,4405,1818,1640,438,2636,225,55,18,MacPherson Strut,Chapman Strut,205,Unverified,60,20.99,FWD,5.4,Electric,Disc,Disc,Manufacturer Spec Sheet,0.104024768,1615
Compass Longitude,Jeep,Medium,2,1956,4,168,350,Diesel,Manual,4405,1818,1640,438,2636,225,55,18,MacPherson Strut,Chapman Strut,205,Unverified,60,25.99,FWD,5.4,Electric,Disc,Disc,Manufacturer Spec Sheet,0.101204819,1660
Compass Model S,Jeep,High,3,1956,4,168,350,Diesel,Manual,4405,1818,1640,438,2636,225,55,18,MacPherson Strut,Chapman Strut,205,Unverified,60,30.49,FWD,5.4,Electric,Disc,Disc,Manufacturer Spec Sheet,0.098245614,1710
Innova Crysta G,Toyota,Low,1,2393,4,148,343,Diesel,Manual,4735,1830,1795,300,2750,205,65,16,Double Wishbone,4-Link with Lateral Rod,178,Unverified,65,19.72,RWD,5.4,Hydraulic,Disc,Drum,Manufacturer Spec Sheet,0.080874317,1830
Innova Crysta GX,Toyota,Medium,2,2393,4,148,343,Diesel,Manual,4735,1830,1795,300,2750,205,65,16,Double Wishbone,4-Link with Lateral Rod,178,Unverified,65,22.99,RWD,5.4,Hydraulic,Disc,Drum,Manufacturer Spec Sheet,0.079144385,1870
Innova Crysta VX,Toyota,High,3,2393,4,148,343,Diesel,Manual,4735,1830,1795,300,2750,215,55,17,Double Wishbone,4-Link with Lateral Rod,178,Unverified,65,26.77,RWD,5.4,Hydraulic,Disc,Drum,Manufacturer Spec Sheet,0.077894737,1900
Bolero Neo N4,Mahindra,Low,1,1493,3,100,260,Diesel,Manual,3995,1795,1817,384,2680,215,75,15,Independent Double Wishbone,Multi-link Coil Spring,160,Unverified,50,9.99,RWD,5.35,Hydraulic,Disc,Drum,Manufacturer Spec Sheet,0.064516129,1550
Bolero Neo N8,Mahindra,Medium,2,1493,3,100,260,Diesel,Manual,3995,1795,1817,384,2680,215,75,15,Independent Double Wishbone,Multi-link Coil Spring,160,Unverified,50,11.49,RWD,5.35,Hydraulic,Disc,Drum,Manufacturer Spec Sheet,0.064516129,1550
Bolero Neo N10,Mahindra,High,3,1493,3,100,260,Diesel,Manual,3995,1795,1817,384,2680,215,75,15,Independent Double Wishbone,Multi-link Coil Spring,160,Unverified,50,12.49,RWD,5.35,Hydraulic,Disc,Drum,Manufacturer Spec Sheet,0.064516129,1550
Carens Premium,Kia,Low,1,1497,4,113,144,Petrol,Manual,4540,1800,1708,216,2780,195,65,15,MacPherson Strut,Coupled Torsion Beam,195,Unverified,45,10.49,FWD,5.3,Electric,Disc,Disc,Manufacturer Spec Sheet,0.083703704,1350
Carens Prestige,Kia,Medium,2,1497,4,113,144,Petrol,Manual,4540,1800,1708,216,2780,205,65,16,MacPherson Strut,Coupled Torsion Beam,195,Unverified,45,11.49,FWD,5.3,Electric,Disc,Disc,Manufacturer Spec Sheet,0.083703704,1350
Carens Luxury,Kia,High,3,1497,4,113,144,Petrol,Manual,4540,1800,1708,216,2780,205,65,16,MacPherson Strut,Coupled Torsion Beam,195,Unverified,45,12.88,FWD,5.3,Electric,Disc,Disc,Manufacturer Spec Sheet,0.083703704,1350
Dzire LXi,Maruti Suzuki,Low,1,1197,3,80,112,Petrol,Manual,3995,1735,1525,382,2450,165,80,14,MacPherson Strut,Torsion Beam,163,Unverified,37,6.26,FWD,4.8,Electric,Disc,Drum,Manufacturer Spec Sheet,0.086956522,920
Dzire VXi,Maruti Suzuki,Medium,2,1197,3,80,112,Petrol,Manual,3995,1735,1525,382,2450,185,65,15,MacPherson Strut,Torsion Beam,163,Unverified,37,7.49,FWD,4.8,Electric,Disc,Drum,Manufacturer Spec Sheet,0.086956522,920
Dzire ZXi,Maruti Suzuki,High,3,1197,3,80,112,Petrol,Manual,3995,1735,1525,382,2450,185,65,15,MacPherson Strut,Torsion Beam,163,Unverified,37,9.36,FWD,4.8,Electric,Disc,Drum,Manufacturer Spec Sheet,0.086956522,920
Ertiga LXi,Maruti Suzuki,Low,1,1462,4,102,137,Petrol,Manual,4395,1735,1690,209,2740,185,65,15,MacPherson Strut,Torsion Beam,185,Unverified,45,8.85,FWD,5.2,Electric,Disc,Drum,Manufacturer Spec Sheet,0.088695652,1150
Ertiga VXi,Maruti Suzuki,Medium,2,1462,4,102,137,Petrol,Manual,4395,1735,1690,209,2740,185,65,15,MacPherson Strut,Torsion Beam,185,Unverified,45,10.49,FWD,5.2,Electric,Disc,Drum,Manufacturer Spec Sheet,0.088695652,1150
Ertiga ZXi,Maruti Suzuki,High,3,1462,4,102,137,Petrol,Manual,4395,1735,1690,209,2740,185,65,15,MacPherson Strut,Torsion Beam,185,Unverified,45,12.99,FWD,5.2,Electric,Disc,Drum,Manufacturer Spec Sheet,0.088695652,1150
Punch Pure,Tata,Low,1,1199,3,86,113,Petrol,Manual,3827,1742,1615,366,2445,185,70,15,MacPherson Strut,Twist Beam,187,Unverified,37,6,FWD,5,Electric,Disc,Drum,Manufacturer Spec Sheet,0.086,1000
Punch Adventure,Tata,Medium,2,1199,3,86,113,Petrol,Manual,3827,1742,1615,366,2445,195,60,16,MacPherson Strut,Twist Beam,187,Unverified,37,8.49,FWD,5,Electric,Disc,Drum,Manufacturer Spec Sheet,0.086,1000
Punch Creative,Tata,High,3,1199,3,86,113,Petrol,Manual,3827,1742,1615,366,2445,195,60,16,MacPherson Strut,Twist Beam,187,Unverified,37,10.6,FWD,5,Electric,Disc,Drum,Manufacturer Spec Sheet,0.086,1000
Venue E,Hyundai,Low,1,1197,4,82,114,Petrol,Manual,3995,1770,1617,350,2500,195,65,15,MacPherson Strut,Coupled Torsion Beam,195,Unverified,45,7.94,FWD,5.1,Electric,Disc,Drum,Manufacturer Spec Sheet,0.068333333,1200
Venue S,Hyundai,Medium,2,1197,4,82,114,Petrol,Manual,3995,1770,1617,350,2500,195,65,15,MacPherson Strut,Coupled Torsion Beam,195,Unverified,45,9.49,FWD,5.1,Electric,Disc,Drum,Manufacturer Spec Sheet,0.068333333,1200
Venue SX,Hyundai,High,3,1197,4,82,114,Petrol,Manual,3995,1770,1617,350,2500,215,60,16,MacPherson Strut,Coupled Torsion Beam,195,Unverified,45,12.99,FWD,5.1,Electric,Disc,Drum,Manufacturer Spec Sheet,0.068333333,1200
Amaze E,Honda,Low,1,1198,4,89,110,Petrol,Manual,3995,1695,1498,420,2470,175,65,14,MacPherson Strut,Torsion Beam,170,Unverified,35,8,FWD,4.7,Electric,Disc,Drum,Manufacturer Spec Sheet,0.093684211,950
Amaze S,Honda,Medium,2,1198,4,89,110,Petrol,Manual,3995,1695,1498,420,2470,175,65,14,MacPherson Strut,Torsion Beam,170,Unverified,35,9.49,FWD,4.7,Electric,Disc,Drum,Manufacturer Spec Sheet,0.093684211,950
Amaze VX,Honda,High,3,1198,4,89,110,Petrol,Manual,3995,1695,1498,420,2470,175,65,15,MacPherson Strut,Torsion Beam,170,Unverified,35,11.49,FWD,4.7,Electric,Disc,Drum,Manufacturer Spec Sheet,0.093684211,950
Astor Sprint,MG,Low,1,1498,4,108,144,Petrol,Manual,4323,1809,1650,488,2585,215,55,17,MacPherson Strut,Torsion Beam,165,Unverified,48,14.49,FWD,5.2,Electric,Disc,Disc,Manufacturer Spec Sheet,0.077142857,1400
Astor Shine,MG,Medium,2,1498,4,108,144,Petrol,Manual,4323,1809,1650,488,2585,215,55,17,MacPherson Strut,Torsion Beam,165,Unverified,48,17.49,FWD,5.2,Electric,Disc,Disc,Manufacturer Spec Sheet,0.075524476,1430
Astor Savvy,MG,High,3,1498,4,108,144,Petrol,Manual,4323,1809,1650,488,2585,215,55,17,MacPherson Strut,Torsion Beam,165,Unverified,48,20.49,FWD,5.2,Electric,Disc,Disc,Manufacturer Spec Sheet,0.073972603,1460
Triber RXE,Renault,Low,1,999,3,71,96,Petrol,Manual,3990,1739,1643,84,2636,165,80,14,MacPherson Strut,Torsion Beam,182,Unverified,40,5.99,FWD,5.4,Electric,Disc,Drum,Manufacturer Spec Sheet,0.074736842,950
Triber RXT,Renault,Medium,2,999,3,71,96,Petrol,Manual,3990,1739,1643,84,2636,185,65,15,MacPherson Strut,Torsion Beam,182,Unverified,40,7.49,FWD,5.4,Electric,Disc,Drum,Manufacturer Spec Sheet,0.074736842,950
Triber RXZ,Renault,High,3,999,3,71,96,Petrol,Manual,3990,1739,1643,84,2636,185,65,15,MacPherson Strut,Torsion Beam,182,Unverified,40,8.99,FWD,5.4,Electric,Disc,Drum,Manufacturer Spec Sheet,0.074736842,950
WagonR LXi,Maruti Suzuki,Low,1,1197,4,88,113,Petrol,Manual,3655,1620,1675,341,2435,155,80,13,MacPherson Strut,Torsion Beam,165,Unverified,32,5.49,FWD,4.7,Electric,Disc,Drum,Manufacturer Spec Sheet,0.103529412,850
WagonR VXi,Maruti Suzuki,Medium,2,1197,4,88,113,Petrol,Manual,3655,1620,1675,341,2435,165,70,14,MacPherson Strut,Torsion Beam,165,Unverified,32,6.49,FWD,4.7,Electric,Disc,Drum,Manufacturer Spec Sheet,0.103529412,850
WagonR ZXi,Maruti Suzuki,High,3,1197,4,88,113,Petrol,Manual,3655,1620,1675,341,2435,165,70,14,MacPherson Strut,Torsion Beam,165,Unverified,32,7.99,FWD,4.7,Electric,Disc,Drum,Manufacturer Spec Sheet,0.103529412,850
Creta S IVT,Hyundai,Low,1,1497,4,113,144,Petrol,Automatic,4330,1790,1635,433,2610,205,65,16,MacPherson Strut,Coupled Torsion Beam,190,Unverified,50,14.49,FWD,5.3,Electric,Disc,Drum,Manufacturer Spec Sheet,0.083703704,1350
Creta SX IVT,Hyundai,Medium,2,1497,4,113,144,Petrol,Automatic,4330,1790,1635,433,2610,215,60,17,MacPherson Strut,Coupled Torsion Beam,190,Unverified,50,17.49,FWD,5.3,Electric,Disc,Disc,Manufacturer Spec Sheet,0.083703704,1350
Creta SX Opt IVT,Hyundai,High,3,1497,4,113,144,Petrol,Automatic,4330,1790,1635,433,2610,215,60,17,MacPherson Strut,Coupled Torsion Beam,190,Unverified,50,19.99,FWD,5.3,Electric,Disc,Disc,Manufacturer Spec Sheet,0.083703704,1350
XUV700 AX3 AT,Mahindra,Low,1,1997,4,197,380,Petrol,Automatic,4695,1890,1755,240,2750,235,65,17,MacPherson Strut,Multi-link with Stabilizer Bar,200,Unverified,60,19.99,FWD,5.6,Electric,Disc,Disc,Manufacturer Spec Sheet,0.101025641,1950
XUV700 AX5 AT,Mahindra,Medium,2,1997,4,197,380,Petrol,Automatic,4695,1890,1755,240,2750,235,65,17,MacPherson Strut,Multi-link with Stabilizer Bar,200,Unverified,60,22.99,FWD,5.6,Electric,Disc,Disc,Manufacturer Spec Sheet,0.101025641,1950
XUV700 AX7 L AT,Mahindra,High,3,1997,4,197,380,Petrol,Automatic,4695,1890,1755,240,2750,235,60,18,MacPherson Strut,Multi-link with Stabilizer Bar,200,Unverified,60,27.49,FWD,5.6,Electric,Disc,Disc,Manufacturer Spec Sheet,0.101025641,1950
City V CVT,Honda,Low,1,1498,4,119,145,Petrol,Automatic,4574,1748,1489,506,2600,185,60,15,MacPherson Strut,Torsion Beam,165,Unverified,40,14.99,FWD,5.3,Electric,Disc,Drum,Manufacturer Spec Sheet,0.10625,1120
City VX CVT,Honda,Medium,2,1498,4,119,145,Petrol,Automatic,4574,1748,1489,506,2600,185,55,16,MacPherson Strut,Torsion Beam,165,Unverified,40,16.49,FWD,5.3,Electric,Disc,Drum,Manufacturer Spec Sheet,0.10625,1120
City ZX CVT,Honda,High,3,1498,4,119,145,Petrol,Automatic,4574,1748,1489,506,2600,185,55,16,MacPherson Strut,Torsion Beam,165,Unverified,40,17.99,FWD,5.3,Electric,Disc,Drum,Manufacturer Spec Sheet,0.10625,1120
Virtus Highline AT,Volkswagen,Low,1,999,3,114,178,Petrol,Automatic,4561,1752,1507,521,2651,205,55,16,MacPherson Strut,Twist Beam,179,Unverified,45,16.49,FWD,5.05,Electric,Disc,Drum,Manufacturer Spec Sheet,0.094214876,1210
Virtus Topline AT,Volkswagen,Medium,2,999,3,114,178,Petrol,Automatic,4561,1752,1507,521,2651,205,55,16,MacPherson Strut,Twist Beam,179,Unverified,45,18.49,FWD,5.05,Electric,Disc,Drum,Manufacturer Spec Sheet,0.094214876,1210
Virtus GT Plus DSG,Volkswagen,High,3,1498,4,148,250,Petrol,Automatic,4561,1752,1507,521,2651,205,55,16,MacPherson Strut,Twist Beam,179,Unverified,45,19,FWD,5.05,Electric,Disc,Drum,Manufacturer Spec Sheet,0.1184,1250
Nexon Creative DCA,Tata,Low,1,1198,3,118,170,Petrol,Automatic,3995,1804,1620,382,2498,215,60,16,MacPherson Strut,Twist Beam,208,Unverified,44,14.49,FWD,5.1,Electric,Disc,Drum,Manufacturer Spec Sheet,0.0921875,1280
Nexon Fearless DCA,Tata,Medium,2,1198,3,118,170,Petrol,Automatic,3995,1804,1620,382,2498,215,60,16,MacPherson Strut,Twist Beam,208,Unverified,44,16.49,FWD,5.1,Electric,Disc,Drum,Manufacturer Spec Sheet,0.0921875,1280
Nexon Fearless Plus DCA,Tata,High,3,1198,3,118,170,Petrol,Automatic,3995,1804,1620,382,2498,215,60,16,MacPherson Strut,Twist Beam,208,Unverified,44,17.49,FWD,5.1,Electric,Disc,Drum,Manufacturer Spec Sheet,0.0921875,1280
Innova Hycross VX e-CVT,Toyota,Low,1,1987,4,184,206,Hybrid,Automatic,4755,1845,1795,300,2850,215,60,17,MacPherson Strut,Torsion Beam,185,Unverified,52,19.45,FWD,5.4,Electric,Disc,Disc,Manufacturer Spec Sheet,0.105142857,1750
Innova Hycross ZX e-CVT,Toyota,Medium,2,1987,4,184,206,Hybrid,Automatic,4755,1845,1795,300,2850,225,50,18,MacPherson Strut,Torsion Beam,185,Unverified,52,23.49,FWD,5.4,Electric,Disc,Disc,Manufacturer Spec Sheet,0.103370787,1780
Innova Hycross ZX Opt e-CVT,Toyota,High,3,1987,4,184,206,Hybrid,Automatic,4755,1845,1795,300,2850,225,50,18,MacPherson Strut,Torsion Beam,185,Unverified,52,28.49,FWD,5.4,Electric,Disc,Disc,Manufacturer Spec Sheet,0.102222222,1800
Seltos HTX IVT,Kia,Low,1,1497,4,113,144,Petrol,Automatic,4365,1800,1645,433,2610,215,60,17,MacPherson Strut,Coupled Torsion Beam,190,Unverified,50,16.99,FWD,5.3,Electric,Disc,Disc,Manufacturer Spec Sheet,0.081884058,1380
Seltos GTX Plus DCT,Kia,Medium,2,1482,4,158,253,Petrol,Automatic,4365,1800,1645,433,2610,215,55,18,MacPherson Strut,Coupled Torsion Beam,190,Unverified,50,20.49,FWD,5.3,Electric,Disc,Disc,Manufacturer Spec Sheet,0.112857143,1400
Seltos X-Line DCT,Kia,High,3,1482,4,158,253,Petrol,Automatic,4365,1800,1645,433,2610,215,55,18,MacPherson Strut,Coupled Torsion Beam,190,Unverified,50,21.99,FWD,5.3,Electric,Disc,Disc,Manufacturer Spec Sheet,0.112056738,1410
Grand Vitara Delta AT,Maruti Suzuki,Low,1,1462,4,102,137,Hybrid,Automatic,4345,1795,1645,373,2600,215,60,17,MacPherson Strut,Torsion Beam,210,Unverified,45,14.49,FWD,5.4,Electric,Disc,Disc,Manufacturer Spec Sheet,0.0796875,1280
Grand Vitara Zeta AT,Maruti Suzuki,Medium,2,1462,4,102,137,Hybrid,Automatic,4345,1795,1645,373,2600,215,60,17,MacPherson Strut,Torsion Beam,210,Unverified,45,17.49,FWD,5.4,Electric,Disc,Disc,Manufacturer Spec Sheet,0.078461538,1300
Grand Vitara Alpha AT,Maruti Suzuki,High,3,1462,4,102,137,Hybrid,Automatic,4345,1795,1645,373,2600,215,60,17,MacPherson Strut,Torsion Beam,210,Unverified,45,19.72,FWD,5.4,Electric,Disc,Disc,Manufacturer Spec Sheet,0.077272727,1320
Hector Shine CVT,MG,Low,1,1451,4,141,250,Petrol,Automatic,4655,1835,1760,587,2750,215,60,17,MacPherson Strut,Torsion Beam,192,Unverified,60,19.49,FWD,5.95,Electric,Disc,Disc,Manufacturer Spec Sheet,0.083928571,1680
Hector Smart CVT,MG,Medium,2,1451,4,141,250,Petrol,Automatic,4655,1835,1760,587,2750,215,55,18,MacPherson Strut,Torsion Beam,192,Unverified,60,21.49,FWD,5.95,Electric,Disc,Disc,Manufacturer Spec Sheet,0.082941176,1700
Hector Savvy Pro CVT,MG,High,3,1451,4,141,250,Petrol,Automatic,4655,1835,1760,587,2750,215,55,18,MacPherson Strut,Torsion Beam,192,Unverified,60,23.49,FWD,5.95,Electric,Disc,Disc,Manufacturer Spec Sheet,0.081976744,1720
Baleno Delta AMT,Maruti Suzuki,Low,1,1197,4,88,113,Petrol,Automatic,3990,1745,1500,318,2520,185,65,15,MacPherson Strut,Torsion Beam,170,Unverified,37,7.99,FWD,4.9,Electric,Disc,Drum,Manufacturer Spec Sheet,0.088888889,990
Baleno Zeta AMT,Maruti Suzuki,Medium,2,1197,4,88,113,Petrol,Automatic,3990,1745,1500,318,2520,195,55,16,MacPherson Strut,Torsion Beam,170,Unverified,37,8.49,FWD,4.9,Electric,Disc,Drum,Manufacturer Spec Sheet,0.088888889,990
Baleno Alpha AMT,Maruti Suzuki,High,3,1197,4,88,113,Petrol,Automatic,3990,1745,1500,318,2520,195,55,16,MacPherson Strut,Torsion Beam,170,Unverified,37,9.17,FWD,4.9,Electric,Disc,Drum,Manufacturer Spec Sheet,0.088888889,990
Sonet HTK Plus DCT,Kia,Low,1,998,3,118,172,Petrol,Automatic,3995,1790,1642,385,2500,215,60,16,MacPherson Strut,Coupled Torsion Beam,205,Unverified,45,12.49,FWD,5.1,Electric,Disc,Drum,Manufacturer Spec Sheet,0.105357143,1120
Sonet HTX DCT,Kia,Medium,2,998,3,118,172,Petrol,Automatic,3995,1790,1642,385,2500,215,60,16,MacPherson Strut,Coupled Torsion Beam,205,Unverified,45,13.49,FWD,5.1,Electric,Disc,Drum,Manufacturer Spec Sheet,0.104424779,1130
Sonet GTX Plus DCT,Kia,High,3,998,3,118,172,Petrol,Automatic,3995,1790,1642,385,2500,215,60,16,MacPherson Strut,Coupled Torsion Beam,205,Unverified,45,14.99,FWD,5.1,Electric,Disc,Drum,Manufacturer Spec Sheet,0.102608696,1150
Scorpio-N Z4 AT,Mahindra,Low,1,1997,4,200,380,Petrol,Automatic,4662,1917,1857,460,2750,245,65,17,Double Wishbone,Penta-link,187,Unverified,57,18.49,RWD,5.7,Electric,Ventilated Disc,Ventilated Disc,Manufacturer Spec Sheet,0.097560976,2050
Scorpio-N Z8 AT,Mahindra,Medium,2,1997,4,200,380,Petrol,Automatic,4662,1917,1857,460,2750,255,60,18,Double Wishbone,Penta-link,187,Unverified,57,22.49,RWD,5.7,Electric,Ventilated Disc,Ventilated Disc,Manufacturer Spec Sheet,0.097560976,2050
Scorpio-N Z8 L AT,Mahindra,High,3,1997,4,200,380,Petrol,Automatic,4662,1917,1857,460,2750,255,60,18,Double Wishbone,Penta-link,187,Unverified,57,24.49,RWD,5.7,Electric,Ventilated Disc,Ventilated Disc,Manufacturer Spec Sheet,0.096153846,2080
Nexon.ev Creative,Tata,Low,1,0,0,143,215,Electric,Automatic,3995,1804,1620,350,2498,215,60,16,MacPherson Strut,Twist Beam,205,Unverified,0,13.99,FWD,5.1,Electric,Disc,Disc,Manufacturer Spec Sheet,0.102142857,1400
Nexon.ev Fearless,Tata,Medium,2,0,0,143,215,Electric,Automatic,3995,1804,1620,350,2498,215,60,16,MacPherson Strut,Twist Beam,205,Unverified,0,16.49,FWD,5.1,Electric,Disc,Disc,Manufacturer Spec Sheet,0.100704225,1420
Nexon.ev Empowered,Tata,High,3,0,0,143,215,Electric,Automatic,3995,1804,1620,350,2498,215,60,16,MacPherson Strut,Twist Beam,205,Unverified,0,17.49,FWD,5.1,Electric,Disc,Disc,Manufacturer Spec Sheet,0.099305556,1440
Punch.ev Smart,Tata,Low,1,0,0,120,190,Electric,Automatic,3857,1742,1633,366,2445,195,60,16,MacPherson Strut,Twist Beam,190,Unverified,0,10.99,FWD,5,Electric,Disc,Disc,Manufacturer Spec Sheet,0.096,1250
Punch.ev Adventure,Tata,Medium,2,0,0,120,190,Electric,Automatic,3857,1742,1633,366,2445,195,60,16,MacPherson Strut,Twist Beam,190,Unverified,0,12.49,FWD,5,Electric,Disc,Disc,Manufacturer Spec Sheet,0.095238095,1260
Punch.ev Empowered,Tata,High,3,0,0,120,190,Electric,Automatic,3857,1742,1633,366,2445,195,60,16,MacPherson Strut,Twist Beam,190,Unverified,0,14.49,FWD,5,Electric,Disc,Disc,Manufacturer Spec Sheet,0.094488189,1270
Tiago.ev XE,Tata,Low,1,0,0,74,114,Electric,Automatic,3769,1677,1536,240,2400,175,65,14,MacPherson Strut,Twist Beam,166,Unverified,0,8.49,FWD,5.1,Electric,Disc,Drum,Manufacturer Spec Sheet,0.069811321,1060
Tiago.ev XT,Tata,Medium,2,0,0,74,114,Electric,Automatic,3769,1677,1536,240,2400,175,65,14,MacPherson Strut,Twist Beam,166,Unverified,0,9.49,FWD,5.1,Electric,Disc,Drum,Manufacturer Spec Sheet,0.069811321,1060
Tiago.ev XZ Plus,Tata,High,3,0,0,74,114,Electric,Automatic,3769,1677,1536,240,2400,175,65,14,MacPherson Strut,Twist Beam,166,Unverified,0,11.49,FWD,5.1,Electric,Disc,Drum,Manufacturer Spec Sheet,0.069811321,1060
XUV400 EC Pro,Mahindra,Low,1,0,0,148,310,Electric,Automatic,4200,1821,1634,378,2600,205,65,16,MacPherson Strut,Twist Beam,200,Unverified,0,15.49,FWD,5.3,Electric,Disc,Disc,Manufacturer Spec Sheet,0.095483871,1550
XUV400 EL Pro 34.5,Mahindra,Medium,2,0,0,148,310,Electric,Automatic,4200,1821,1634,378,2600,205,65,16,MacPherson Strut,Twist Beam,200,Unverified,0,17.99,FWD,5.3,Electric,Disc,Disc,Manufacturer Spec Sheet,0.094267516,1570
XUV400 EL Pro 39.4,Mahindra,High,3,0,0,148,310,Electric,Automatic,4200,1821,1634,378,2600,205,65,16,MacPherson Strut,Twist Beam,200,Unverified,0,19.49,FWD,5.3,Electric,Disc,Disc,Manufacturer Spec Sheet,0.093081761,1590
Curvv.ev Creative,Tata,Low,1,0,0,148,215,Electric,Automatic,4310,1810,1637,500,2560,215,60,17,MacPherson Strut,Twist Beam,190,Unverified,0,17.49,FWD,5.3,Electric,Disc,Disc,Manufacturer Spec Sheet,0.074747475,1980
Curvv.ev Accomplished,Tata,Medium,2,0,0,148,215,Electric,Automatic,4310,1810,1637,500,2560,215,55,18,MacPherson Strut,Twist Beam,190,Unverified,0,19.49,FWD,5.3,Electric,Disc,Disc,Manufacturer Spec Sheet,0.074,2000
Curvv.ev Empowered,Tata,High,3,0,0,148,215,Electric,Automatic,4310,1810,1637,500,2560,215,55,18,MacPherson Strut,Twist Beam,190,Unverified,0,21.49,FWD,5.3,Electric,Disc,Disc,Manufacturer Spec Sheet,0.073267327,2020
ZS EV Executive,MG,Low,1,0,0,174,280,Electric,Automatic,4323,1809,1649,470,2581,215,55,17,MacPherson Strut,Torsion Beam,190,Unverified,0,18.98,FWD,5.2,Electric,Disc,Disc,Manufacturer Spec Sheet,0.107076923,1625
ZS EV Excite,MG,Medium,2,0,0,174,280,Electric,Automatic,4323,1809,1649,470,2581,215,55,17,MacPherson Strut,Torsion Beam,190,Unverified,0,21.49,FWD,5.2,Electric,Disc,Disc,Manufacturer Spec Sheet,0.106097561,1640
ZS EV Exclusive,MG,High,3,0,0,174,280,Electric,Automatic,4323,1809,1649,470,2581,215,55,17,MacPherson Strut,Torsion Beam,190,Unverified,0,24.49,FWD,5.2,Electric,Disc,Disc,Manufacturer Spec Sheet,0.104819277,1660
Comet EV Executive,MG,Low,1,0,0,41,110,Electric,Automatic,2974,1505,1640,0,2010,145,70,12,MacPherson Strut,Multi-link Coil,165,Unverified,0,7.6,RWD,4.2,Electric,Disc,Drum,Manufacturer Spec Sheet,0.048809524,840
Comet EV Excite,MG,Medium,2,0,0,41,110,Electric,Automatic,2974,1505,1640,0,2010,145,70,12,MacPherson Strut,Multi-link Coil,165,Unverified,0,8.49,RWD,4.2,Electric,Disc,Drum,Manufacturer Spec Sheet,0.04852071,845
Comet EV Exclusive,MG,High,3,0,0,41,110,Electric,Automatic,2974,1505,1640,0,2010,145,70,12,MacPherson Strut,Multi-link Coil,165,Unverified,0,9.73,RWD,4.2,Electric,Disc,Drum,Manufacturer Spec Sheet,0.048235294,850
BYD Atto 3 Dynamic,BYD,Low,1,0,0,201,310,Electric,Automatic,4455,1875,1615,440,2720,215,60,17,MacPherson Strut,Multi-link,175,Unverified,0,33.99,FWD,5.25,Electric,Ventilated Disc,Disc,Manufacturer Spec Sheet,0.114857143,1750
BYD Atto 3 Premium,BYD,Medium,2,0,0,201,310,Electric,Automatic,4455,1875,1615,440,2720,215,55,18,MacPherson Strut,Multi-link,175,Unverified,0,36.99,FWD,5.25,Electric,Ventilated Disc,Disc,Manufacturer Spec Sheet,0.114204545,1760
BYD Atto 3 Superior,BYD,High,3,0,0,201,310,Electric,Automatic,4455,1875,1615,440,2720,215,55,18,MacPherson Strut,Multi-link,175,Unverified,0,39.99,FWD,5.25,Electric,Ventilated Disc,Disc,Manufacturer Spec Sheet,0.113559322,1770
Fortuner 2.7 Petrol AT,Toyota,Low,1,2694,4,163,245,Petrol,Automatic,4795,1855,1835,403,2745,265,60,18,Double Wishbone,Leaf Spring with Lateral Rod,221,1930,80,36.05,RWD,5.9,Electric,Ventilated Disc,Drum,Manufacturer Spec Sheet,0.084455959,1930
Fortuner 2.8 Diesel MT,Toyota,Medium,2,2755,4,201,500,Diesel,Manual,4795,1855,1835,403,2745,265,60,18,Double Wishbone,Leaf Spring with Lateral Rod,221,2090,80,36.73,RWD,5.9,Electric,Ventilated Disc,Drum,Manufacturer Spec Sheet,0.096172249,2090
Fortuner Legender 4x4 AT,Toyota,High,3,2755,4,201,500,Diesel,Automatic,4795,1855,1835,403,2745,265,60,18,Double Wishbone,Leaf Spring with Lateral Rod,221,2155,80,52.34,4WD,6,Electric,Ventilated Disc,Ventilated Disc,Manufacturer Spec Sheet,0.093271462,2155
Compass Sport,Jeep,Low,1,1956,4,168,350,Diesel,Manual,4405,1818,1640,438,2636,225,60,17,MacPherson Strut,Chapman Strut,205,Unverified,60,20.99,FWD,5.4,Electric,Disc,Disc,Manufacturer Spec Sheet,0.104024768,1615
Compass Longitude,Jeep,Medium,2,1956,4,168,350,Diesel,Manual,4405,1818,1640,438,2636,225,60,17,MacPherson Strut,Chapman Strut,205,Unverified,60,25.99,FWD,5.4,Electric,Disc,Disc,Manufacturer Spec Sheet,0.101204819,1660
Compass Model S 4x4,Jeep,High,3,1956,4,168,350,Diesel,Automatic,4405,1818,1640,438,2636,225,55,18,MacPherson Strut,Chapman Strut,205,1710,60,30.49,4WD,5.4,Electric,Ventilated Disc,Disc,Manufacturer Spec Sheet,0.098245614,1710
Meridian Longitude,Jeep,Low,1,1956,4,168,350,Diesel,Automatic,4726,1877,1744,236,2794,235,65,17,MacPherson Strut,Multi-link,204,1965,60,32.99,FWD,5.6,Electric,Ventilated Disc,Disc,Manufacturer Spec Sheet,0.085496183,1965
Meridian Longitude S,Jeep,Medium,2,1956,4,168,350,Diesel,Automatic,4726,1877,1744,236,2794,235,60,18,MacPherson Strut,Multi-link,204,1995,60,36.99,AWD,5.6,Electric,Ventilated Disc,Disc,Manufacturer Spec Sheet,0.084210526,1995
Meridian Overland 4x4,Jeep,High,3,1956,4,168,350,Diesel,Automatic,4726,1877,1744,236,2794,235,55,19,MacPherson Strut,Multi-link,204,2010,60,41.99,4WD,5.6,Electric,Ventilated Disc,Ventilated Disc,Manufacturer Spec Sheet,0.08358209,2010
Octavia Style,Skoda,Low,1,1498,4,148,250,Petrol,Automatic,4689,1829,1461,600,2686,225,45,17,MacPherson Strut,Multi-link,155,1395,50,26.29,FWD,5.2,Electric,Ventilated Disc,Disc,Manufacturer Spec Sheet,0.10609319,1395
Octavia RS,Skoda,Medium,2,1984,4,245,370,Petrol,Automatic,4689,1829,1461,600,2686,235,45,18,MacPherson Strut,Multi-link,155,1427,50,28.99,FWD,5.2,Electric,Ventilated Disc,Disc,Manufacturer Spec Sheet,0.171688858,1427
Octavia RS Laurin & Klement,Skoda,High,3,1984,4,245,370,Petrol,Automatic,4689,1829,1461,600,2686,235,40,19,MacPherson Strut,Multi-link,155,1455,50,31.49,FWD,5.2,Electric,Ventilated Disc,Disc,Manufacturer Spec Sheet,0.16838488,1455
Superb L&K,Skoda,Low,1,1984,4,265,350,Petrol,Automatic,4872,1864,1469,625,2841,235,45,18,MacPherson Strut,Multi-link,155,1520,55,54.99,FWD,5.4,Electric,Ventilated Disc,Disc,Manufacturer Spec Sheet,0.174342105,1520
Superb Sportline,Skoda,High,2,1984,4,265,350,Petrol,Automatic,4872,1864,1469,625,2841,245,35,19,MacPherson Strut,Multi-link,155,1545,55,59.99,AWD,5.4,Electric,Ventilated Disc,Ventilated Disc,Manufacturer Spec Sheet,0.171521036,1545
Camry Hybrid,Toyota,Low,1,2487,4,215,221,Hybrid,Automatic,4885,1840,1445,524,2825,235,45,18,MacPherson Strut,Multi-link,145,1630,60,46.17,FWD,5.6,Electric,Ventilated Disc,Disc,Manufacturer Spec Sheet,0.13190184,1630
Camry Hybrid Premium,Toyota,High,2,2487,4,215,221,Hybrid,Automatic,4885,1840,1445,524,2825,235,45,18,MacPherson Strut,Multi-link,145,1640,60,48.99,FWD,5.6,Electric,Ventilated Disc,Disc,Manufacturer Spec Sheet,0.131097561,1640
XC40 Core,Volvo,Low,1,1969,4,197,300,Petrol,Automatic,4425,1863,1652,460,2702,235,45,18,MacPherson Strut,Multi-link,211,1790,54,43.45,AWD,5.7,Electric,Ventilated Disc,Disc,Manufacturer Spec Sheet,0.110055866,1790
XC40 Plus,Volvo,Medium,2,1969,4,197,300,Petrol,Automatic,4425,1863,1652,460,2702,235,45,18,MacPherson Strut,Multi-link,211,1790,54,46.49,AWD,5.7,Electric,Ventilated Disc,Disc,Manufacturer Spec Sheet,0.110055866,1790
XC40 Ultimate,Volvo,High,3,1969,4,197,300,Petrol,Automatic,4425,1863,1652,460,2702,235,40,19,MacPherson Strut,Multi-link,211,1810,54,49.99,AWD,5.7,Electric,Ventilated Disc,Disc,Manufacturer Spec Sheet,0.108839779,1810
XC60 B5 Core,Volvo,Low,1,1969,4,250,350,Mild-Hybrid,Automatic,4708,1902,1658,505,2865,235,50,18,MacPherson Strut,Integral Axle,216,1950,71,68.4,AWD,5.7,Electric,Ventilated Disc,Disc,Manufacturer Spec Sheet,0.128205128,1950
XC60 B5 Ultimate,Volvo,High,2,1969,4,250,350,Mild-Hybrid,Automatic,4708,1902,1658,505,2865,235,45,19,MacPherson Strut,Integral Axle,216,1980,71,75.9,AWD,5.7,Electric,Ventilated Disc,Disc,Manufacturer Spec Sheet,0.126262626,1980
3 Series 320i,BMW,Low,1,1998,4,184,300,Petrol,Automatic,4709,1827,1435,480,2851,225,45,18,MacPherson Strut,Multi-link,144,1500,59,62,RWD,5.4,Electric,Ventilated Disc,Disc,Manufacturer Spec Sheet,0.122666667,1500
3 Series 330Li,BMW,Medium,2,1998,4,252,400,Petrol,Automatic,4709,1827,1435,480,2851,225,40,19,MacPherson Strut,Multi-link,144,1520,59,69.49,RWD,5.4,Electric,Ventilated Disc,Disc,Manufacturer Spec Sheet,0.165789474,1520
3 Series M340i,BMW,High,3,2998,6,387,500,Petrol,Automatic,4709,1827,1435,480,2851,255,35,19,MacPherson Strut,Multi-link,144,1720,59,76.4,xDrive AWD,5.4,Electric,Ventilated Disc,Ventilated Disc,Manufacturer Spec Sheet,0.225,1720
5 Series 530Li,BMW,Low,1,1998,4,253,400,Mild-Hybrid,Automatic,5069,1900,1491,530,3105,245,45,18,Air Spring,Multi-link,154,1875,69,75.8,RWD,5.8,Electric,Ventilated Disc,Disc,Manufacturer Spec Sheet,0.134933333,1875
5 Series 540Li xDrive,BMW,High,2,2998,6,381,560,Mild-Hybrid,Automatic,5069,1900,1491,530,3105,245,40,19,Air Spring,Multi-link,154,1920,69,99.9,xDrive AWD,5.8,Electric,Ventilated Disc,Ventilated Disc,Manufacturer Spec Sheet,0.1984375,1920
X1 sDrive18i,BMW,Low,1,1499,3,136,230,Petrol,Automatic,4500,1845,1642,540,2692,225,50,17,MacPherson Strut,Multi-link,212,1720,54,49,FWD,5.7,Electric,Ventilated Disc,Disc,Manufacturer Spec Sheet,0.079069767,1720
X1 xDrive20i,BMW,High,2,1998,4,204,300,Petrol,Automatic,4500,1845,1642,540,2692,225,45,18,MacPherson Strut,Multi-link,212,1790,54,55.9,xDrive AWD,5.7,Electric,Ventilated Disc,Disc,Manufacturer Spec Sheet,0.11396648,1790
X7 xDrive40i,BMW,Low,1,2998,6,381,520,Petrol,Automatic,5151,2000,1805,326,3105,285,40,21,Air Spring,Multi-link,230,2510,105,127,xDrive AWD,6.1,Electric,Ventilated Disc,Ventilated Disc,Manufacturer Spec Sheet,0.151792829,2510
X7 M60i,BMW,High,2,4395,8,530,750,Petrol,Automatic,5151,2000,1805,326,3105,285,40,21,Air Spring,Multi-link,230,2560,105,136,xDrive AWD,6.1,Electric,Ventilated Disc,Ventilated Disc,Manufacturer Spec Sheet,0.20703125,2560
C-Class C200,Mercedes-Benz,Low,1,1497,4,204,300,Mild-Hybrid,Automatic,4686,1820,1437,455,2865,225,45,18,4-link,Multi-link,156,1530,62,59.4,RWD,5,Electric,Ventilated Disc,Disc,Manufacturer Spec Sheet,0.133333333,1530
C-Class C220d,Mercedes-Benz,Medium,2,1993,4,200,440,Diesel,Automatic,4686,1820,1437,455,2865,225,40,18,4-link,Multi-link,156,1580,62,64.9,RWD,5,Electric,Ventilated Disc,Disc,Manufacturer Spec Sheet,0.126582278,1580
C-Class AMG C43,Mercedes-Benz,High,3,1991,4,408,500,Mild-Hybrid,Automatic,4686,1820,1437,455,2865,255,35,19,4-link,Multi-link,140,1870,62,80,4MATIC AWD,5,Electric,Ventilated Disc,Ventilated Disc,Manufacturer Spec Sheet,0.218181818,1870
E-Class E200,Mercedes-Benz,Low,1,1999,4,204,320,Mild-Hybrid,Automatic,4949,1879,1468,540,3094,245,45,18,4-link,Multi-link,145,1835,65,78.5,RWD,5.5,Electric,Ventilated Disc,Disc,Manufacturer Spec Sheet,0.111171662,1835
E-Class E220d,Mercedes-Benz,Medium,2,1993,4,200,440,Diesel,Automatic,4949,1879,1468,540,3094,245,40,19,4-link,Multi-link,145,1880,65,81.5,RWD,5.5,Electric,Ventilated Disc,Disc,Manufacturer Spec Sheet,0.106382979,1880
E-Class E450,Mercedes-Benz,High,3,2999,6,381,500,Mild-Hybrid,Automatic,4949,1879,1468,540,3094,255,35,20,Air Spring,Multi-link,145,1920,65,92.5,4MATIC AWD,5.5,Electric,Ventilated Disc,Ventilated Disc,Manufacturer Spec Sheet,0.1984375,1920
GLC 200,Mercedes-Benz,Low,1,1999,4,204,320,Mild-Hybrid,Automatic,4716,1890,1640,600,2888,235,55,19,MacPherson Strut,Multi-link,183,1850,67,77.5,4MATIC AWD,5.8,Electric,Ventilated Disc,Disc,Manufacturer Spec Sheet,0.11027027,1850
GLC 300d 4MATIC,Mercedes-Benz,High,2,1993,4,265,550,Diesel,Automatic,4716,1890,1640,600,2888,255,45,20,MacPherson Strut,Multi-link,183,1910,67,88.5,4MATIC AWD,5.8,Electric,Ventilated Disc,Ventilated Disc,Manufacturer Spec Sheet,0.138743455,1910
GLS 450d 4MATIC,Mercedes-Benz,Low,1,2925,6,367,700,Diesel,Automatic,5207,1956,1823,680,3135,285,45,21,Air Spring,Multi-link,286,2395,100,132,4MATIC AWD,6,Electric,Ventilated Disc,Ventilated Disc,Manufacturer Spec Sheet,0.153235908,2395
GLS 600 Maybach,Mercedes-Benz,High,2,3982,8,550,730,Mild-Hybrid,Automatic,5205,1956,1823,680,3135,295,45,21,Air Spring,Multi-link,286,2560,100,296,4MATIC AWD,6,Electric,Ventilated Disc,Ventilated Disc,Manufacturer Spec Sheet,0.21484375,2560
Q3 Premium,Audi,Low,1,1984,4,190,320,Petrol,Automatic,4485,1841,1616,530,2681,225,50,17,MacPherson Strut,4-link,178,1490,60,44.99,FWD,5.4,Electric,Ventilated Disc,Disc,Manufacturer Spec Sheet,0.127516779,1490
Q3 Premium Plus,Audi,Medium,2,1984,4,190,320,Petrol,Automatic,4485,1841,1616,530,2681,235,45,18,MacPherson Strut,4-link,178,1510,60,49.99,quattro AWD,5.4,Electric,Ventilated Disc,Disc,Manufacturer Spec Sheet,0.125827815,1510
Q3 Technology,Audi,High,3,1984,4,190,320,Petrol,Automatic,4485,1841,1616,530,2681,245,40,19,MacPherson Strut,4-link,178,1540,60,54.99,quattro AWD,5.4,Electric,Ventilated Disc,Disc,Manufacturer Spec Sheet,0.123376623,1540
Q7 Premium Plus,Audi,Low,1,2995,6,340,500,Mild-Hybrid,Automatic,5063,1970,1741,770,2994,255,45,20,Air Spring,Trapezoidal-link,239,2175,85,88.66,quattro AWD,6.1,Electric,Ventilated Disc,Ventilated Disc,Manufacturer Spec Sheet,0.156321839,2175
Q7 Technology,Audi,High,2,2995,6,340,500,Mild-Hybrid,Automatic,5063,1970,1741,770,2994,265,40,21,Air Spring,Trapezoidal-link,239,2210,85,98.66,quattro AWD,6.1,Electric,Ventilated Disc,Ventilated Disc,Manufacturer Spec Sheet,0.153846154,2210
Q8 Premium Plus,Audi,Low,1,2995,6,340,500,Mild-Hybrid,Automatic,4986,1995,1705,605,2995,265,45,21,Air Spring,Multi-link,232,2100,95,107,quattro AWD,6,Electric,Ventilated Disc,Ventilated Disc,Manufacturer Spec Sheet,0.161904762,2100
Q8 Technology,Audi,High,2,2995,6,340,500,Mild-Hybrid,Automatic,4986,1995,1705,605,2995,285,35,22,Air Spring,Multi-link,232,2130,95,143,quattro AWD,6,Electric,Ventilated Disc,Ventilated Disc,Manufacturer Spec Sheet,0.159624413,2130
Defender 90 S,Land Rover,Low,1,1997,4,300,400,Mild-Hybrid,Automatic,4323,1996,1972,597,2587,255,70,20,Wishbone,Multi-link,217,2185,90,103,4WD,13,Electric,Ventilated Disc,Ventilated Disc,Manufacturer Spec Sheet,0.137299771,2185
Defender 110 X-Dynamic,Land Rover,Medium,2,1997,4,300,400,Mild-Hybrid,Automatic,4758,2008,1967,1075,3022,265,60,20,Wishbone,Multi-link,226,2225,90,131,4WD,14,Electric,Ventilated Disc,Ventilated Disc,Manufacturer Spec Sheet,0.134831461,2225
Defender 130 X,Land Rover,High,3,2996,6,400,550,Mild-Hybrid,Automatic,5358,2008,1967,1232,3022,275,50,22,Wishbone,Multi-link,226,2700,90,180,4WD,14.5,Electric,Ventilated Disc,Ventilated Disc,Manufacturer Spec Sheet,0.148148148,2700
Discovery S 3.0D,Land Rover,Low,1,2996,6,300,650,Diesel,Automatic,4956,2073,1888,258,2885,255,55,21,Wishbone,Multi-link,216,2244,85,134.2,4WD,12.5,Electric,Ventilated Disc,Ventilated Disc,Manufacturer Spec Sheet,0.13368984,2244
Discovery HSE R-Dynamic,Land Rover,High,2,2996,6,300,650,Diesel,Automatic,4956,2073,1888,258,2885,255,50,22,Air Spring,Multi-link,216,2280,85,138.99,4WD,12.5,Electric,Ventilated Disc,Ventilated Disc,Manufacturer Spec Sheet,0.131578947,2280
Macan Base,Porsche,Low,1,1984,4,265,400,Petrol,Automatic,4784,1924,1624,488,2807,235,55,19,MacPherson Strut,Multi-link,174,1985,65,86.73,AWD,5.6,Electric,Ventilated Disc,Ventilated Disc,Manufacturer Spec Sheet,0.133501259,1985
Macan T,Porsche,Medium,2,1984,4,288,430,Petrol,Automatic,4784,1924,1624,488,2807,235,50,20,MacPherson Strut,Multi-link,174,2010,65,94.99,AWD,5.6,Electric,Ventilated Disc,Ventilated Disc,Manufacturer Spec Sheet,0.143283582,2010
Macan Turbo,Porsche,High,3,2894,6,440,600,Petrol,Automatic,4784,1924,1624,488,2807,255,40,21,MacPherson Strut,Multi-link,174,2095,65,147,AWD,5.5,Electric,Ventilated Disc,Ventilated Disc,Manufacturer Spec Sheet,0.210023866,2095
LM350h Premium,Lexus,Low,1,2487,4,246,239,Hybrid,Automatic,5125,1890,1945,435,3000,235,55,20,MacPherson Strut,Double Wishbone,170,2020,75,120,FWD,5.9,Electric,Ventilated Disc,Disc,Manufacturer Spec Sheet,0.121782178,2020
LM500h Ultra Luxury,Lexus,High,2,3456,6,406,521,Hybrid,Automatic,5125,1890,1945,435,3000,245,50,20,MacPherson Strut,Double Wishbone,170,2100,75,145,AWD,5.9,Electric,Ventilated Disc,Disc,Manufacturer Spec Sheet,0.193333333,2100
Vellfire Z,Toyota,Low,1,2487,4,246,300,Hybrid,Automatic,4995,1850,1895,519,3000,235,50,18,MacPherson Strut,Double Wishbone,150,2150,70,120,FWD,5.6,Electric,Ventilated Disc,Disc,Manufacturer Spec Sheet,0.114418605,2150
Vellfire Elegant Lounge,Toyota,High,2,2487,4,246,300,Hybrid,Automatic,4995,1850,1895,519,3000,235,50,19,MacPherson Strut,Double Wishbone,150,2175,70,130,FWD,5.6,Electric,Ventilated Disc,Disc,Manufacturer Spec Sheet,0.113103448,2175
Gloster Shine,MG,Low,1,1997,4,218,480,Diesel,Automatic,4985,1926,1867,218,2950,265,55,20,MacPherson Strut,Multi-link Coil Spring,213,2185,75,38.8,AWD,6,Electric,Ventilated Disc,Ventilated Disc,Manufacturer Spec Sheet,0.099771167,2185
Gloster Savvy,MG,High,2,1997,4,218,480,Diesel,Automatic,4985,1926,1867,218,2950,275,45,21,MacPherson Strut,Multi-link Coil Spring,213,2215,75,44.8,AWD,6,Electric,Ventilated Disc,Ventilated Disc,Manufacturer Spec Sheet,0.098419865,2215
EV6 Air RWD,Kia,Low,1,0,0,228,350,Electric,Automatic,4695,1880,1550,480,2900,235,45,19,MacPherson Strut,Multi-link,160,1820,77,60.95,RWD,5.2,Electric,Ventilated Disc,Disc,Manufacturer Spec Sheet,0.125274725,1820
EV6 GT-Line AWD,Kia,High,2,0,0,321,605,Electric,Automatic,4695,1880,1550,480,2900,255,40,20,MacPherson Strut,Multi-link,160,2020,77,65.95,AWD,5.3,Electric,Ventilated Disc,Ventilated Disc,Manufacturer Spec Sheet,0.158910891,2020
Ioniq 5 RWD Standard,Hyundai,Low,1,0,0,218,350,Electric,Automatic,4635,1890,1605,527,3000,235,50,19,MacPherson Strut,Multi-link,160,1980,58,44.95,RWD,5.2,Electric,Ventilated Disc,Disc,Manufacturer Spec Sheet,0.11010101,1980
Ioniq 5 AWD Long Range,Hyundai,High,2,0,0,306,605,Electric,Automatic,4635,1890,1605,527,3000,255,45,20,MacPherson Strut,Multi-link,160,2100,77,52.99,AWD,5.2,Electric,Ventilated Disc,Ventilated Disc,Manufacturer Spec Sheet,0.145714286,2100
Tucson Platinum,Hyundai,Low,1,1999,4,186,281,Petrol,Automatic,4630,1865,1665,616,2756,235,55,17,MacPherson Strut,Multi-link,182,1550,54,29.02,AWD,5.5,Electric,Ventilated Disc,Disc,Manufacturer Spec Sheet,0.12,1550
Tucson Signature,Hyundai,High,2,1999,4,186,281,Petrol,Automatic,4630,1865,1665,616,2756,235,50,18,MacPherson Strut,Multi-link,182,1585,54,34.49,AWD,5.5,Electric,Ventilated Disc,Ventilated Disc,Manufacturer Spec Sheet,0.117350158,1585
XUV700 AX3 Diesel MT,Mahindra,Low,1,2184,4,155,360,Diesel,Manual,4695,1890,1755,240,2750,235,65,17,MacPherson Strut,Multi-link with Stabilizer Bar,200,2100,60,13.99,FWD,5.6,Electric,Ventilated Disc,Disc,Manufacturer Spec Sheet,0.073809524,2100
XUV700 AX5 Diesel MT,Mahindra,Medium,2,2184,4,155,360,Diesel,Manual,4695,1890,1755,240,2750,235,65,17,MacPherson Strut,Multi-link with Stabilizer Bar,200,2130,60,17.99,FWD,5.6,Electric,Ventilated Disc,Disc,Manufacturer Spec Sheet,0.072769953,2130
XUV700 AX7 AWD AT,Mahindra,High,3,2184,4,185,420,Diesel,Automatic,4695,1890,1755,240,2750,245,60,18,MacPherson Strut,Multi-link with Stabilizer Bar,200,2200,60,26.99,AWD,5.6,Electric,Ventilated Disc,Ventilated Disc,Manufacturer Spec Sheet,0.084090909,2200
BE 6 Base,Mahindra,Low,1,0,0,228,380,Electric,Automatic,4371,1900,1627,455,2775,235,50,19,MacPherson Strut,Multi-link,206,1900,59,18.9,RWD,5.1,Electric,Ventilated Disc,Disc,Manufacturer Spec Sheet,0.12,1900
BE 6 Pack Three,Mahindra,High,2,0,0,285,380,Electric,Automatic,4371,1900,1627,455,2775,235,45,20,MacPherson Strut,Multi-link,206,1980,79,26.9,AWD,5.1,Electric,Ventilated Disc,Ventilated Disc,Manufacturer Spec Sheet,0.143939394,1980
XEV 9e Base,Mahindra,Low,1,0,0,285,380,Electric,Automatic,4789,1907,1694,530,2775,235,50,19,MacPherson Strut,Multi-link,207,2050,79,21.9,RWD,5.1,Electric,Ventilated Disc,Disc,Manufacturer Spec Sheet,0.13902439,2050
XEV 9e Pack Three,Mahindra,High,2,0,0,375,470,Electric,Automatic,4789,1907,1694,530,2775,255,40,21,MacPherson Strut,Multi-link,207,2150,79,30.5,AWD,5.1,Electric,Ventilated Disc,Ventilated Disc,Manufacturer Spec Sheet,0.174418605,2150
